Sequence,Location,Latitude,Longitude
GGCTAGCTAGCTAGCTAGCTAGCTAGCTAGCTAGCTAGCT,Pacific Ocean Zone A,34.5668,139.9354
TTTTAAAACCCCGGGGATCGATCGTAGCTAGCTAGCTAGC,Pacific Ocean Zone A,34.5648,139.7445
GGCTAGCTAGCTAGCTAGCTAGCTAGCTAGCTAGCAAGCT,Pacific Ocean Zone A,34.1121,138.6567
ATCGGCTACGATCGATCGATCGTAGCTAGCTAGCTAGCTG,Pacific Ocean Zone A,34.0448,138.2855
TTTTAAAACCCCGGGGATCGATCGTAGCTAGCTAGCTAGC,Pacific Ocean Zone A,34.0722,138.5256
ATCGGCTACGATCGATCGATCGTAGCTAGCTAGCTAGCTG,Pacific Ocean Zone A,34.8965,139.6975
ATCGGCTACGATCGATCGATCGTAGCTAGCTAGCTAGCTG,Pacific Ocean Zone A,35.2718,139.1976
ATCGGTTACGATCGATCGATCGTAGCTAGCTAGCTAGCTG,Pacific Ocean Zone A,35.0409,139.4595
ATCGGCTACGATCGATCGATCGTAGCTAGCTAGCTAGCTG,Pacific Ocean Zone A,35.792,139.557
ATAGGTAAGAGATCGAATTCCCTAGTCGCATGTTCTCCAC,Uncharted Zone X,-0.8583,159.2866
TTAGGCCTGCGGGATCGAATAAGAAGTGACCTCTTGTAGA,Uncharted Zone X,-1.353,160.2864
TTTTAAAACCCCGGGGATCGATCGTAGCTAGCTAGCAAGC,Pacific Ocean Zone A,34.5515,138.2585
ATCGGCTACGATCGATCGATCGTAGCTAGCTAGCTAGCTG,Pacific Ocean Zone A,35.9486,139.4125
AATGGCGCGGTGATCTGTTTAAATCTACCGTCGTATAATA,Uncharted Zone X,0.5549,158.5153
GGCTAGCTAGCTAGCTAGCTAGCTAGCTAGCTAGCTAGCT,Pacific Ocean Zone A,34.9993,138.7929
GGCTAGCTAGCTAGCTAGCTAGCTAGCTAGCTAGCTAGCT,Pacific Ocean Zone A,34.8139,138.6473
ATCGGCTACGATCGATCGATCGTAGCTATCTAGCTAGCTG,Pacific Ocean Zone A,34.6218,138.6145
ATCGGCTACGATCGATCGATCGTAGCTAGCTAGCTAGCTG,Pacific Ocean Zone A,34.8348,138.5028
ATCGGCTACGATCGATCGATCGTAGCTAGCTACCTAGCTG,Pacific Ocean Zone A,35.1551,139.798
TTTTAAAACCCCGGGGATCGATCGTAGCTAGCTAGCTAGC,Pacific Ocean Zone A,34.4211,138.5543
GGCTAGCTAGCTAGCTAGCTAGCTAGCTAGCTAGCTAGCT,Pacific Ocean Zone A,35.105,138.5888
ATCGGCTATGATCGATCGATCGTAGCTAGCTAGCTAGCTG,Pacific Ocean Zone A,35.4955,139.7778
ATCGGCTACGATCGATCGATCGTAGCTAGCTAGCTAGATG,Pacific Ocean Zone A,34.0861,139.8374
TTTTAAAACCCCGGGGATCGATCGTAGCTAGCTAGCTAGC,Pacific Ocean Zone A,34.4578,139.6983
GGCTAGCTCGCTAGCTAGCTAGCTAGCTAGCTAGCTAGCT,Pacific Ocean Zone A,35.501,139.7082
TTTTAAAACCCCGGGGATCGATTGTAGCTAGCTAGCTAGC,Pacific Ocean Zone A,35.7411,139.177
CGCGTGTTCGGGATTACCCTGAGTCTTACGTACACCACGT,Uncharted Zone X,0.2853,161.758
GGCTAGCTAGCTAGCTAGCTAGCTAGCTAGCTAGCTAGCT,Pacific Ocean Zone A,35.6623,139.9331
TTTTAAAACCCCGGGGATCGATCGTAGCTAGCTAGCTAGC,Pacific Ocean Zone A,35.3237,138.7379
GGCTAGCTAGCTAGCTAGCTAGCTAGCTAGCTAGCAAGCT,Pacific Ocean Zone A,34.7316,138.6369
ATCGGCTACGATCGATCGATCGTAGCTAGCTAGCTAGCTG,Pacific Ocean Zone A,34.7932,139.5141
ATCGGCTACGATCGATCGATCGTAGCTAGCTAGCTAGCTG,Pacific Ocean Zone A,35.3195,138.529
GGCTAGCTAGCTAGCTAGCTAGCTAGCTAGCTAGCTAGCT,Pacific Ocean Zone A,35.5041,138.0716
TTTTAAAACCCCGGGGATCGATCGTAGCTAGCTAGCTAGC,Pacific Ocean Zone A,34.8758,138.9687
ATCGGCTACGATCGATCGATCGTAGCTAGCTAGCTAGCTG,Pacific Ocean Zone A,34.3307,139.3448
TTTTAAAACCCCGGGGATCAATCGTAGCTAGCTAGCTAGC,Pacific Ocean Zone A,34.8244,139.2571
ATCGGCTACGATCGATCGATCGTAGCTAGCTAGCTAGCTG,Pacific Ocean Zone A,35.5906,138.7458
TAGTCCAGTATTACGAATAATCCATTCTACAAATAAACTG,Uncharted Zone X,-1.8032,161.8601
ATCGGCTACGATCGATCGATCGTAGCTAGCTAGCTAGCTG,Pacific Ocean Zone A,34.3255,139.2395
ATCGGCTACGATCGATCGATCGTAGCTAGCTAGCTAGCTG,Pacific Ocean Zone A,35.5724,138.3207
GGCTAGCTAGCTAGCTAGCTAGCTAGCTAGCTAGCTAGCT,Pacific Ocean Zone A,35.8329,138.6881
TTTTAAAACCCCGGGGATCGATCGTAGCTAGCTAGCTAGC,Pacific Ocean Zone A,34.3449,139.5877
ATCGGCTACGCTCGATCGATCGTAGCTAGCTAGCTAGCTG,Pacific Ocean Zone A,34.721,138.0551
ATCGGCTACGATCGATCGATCGTAGCTAGCTAGCTAGATG,Pacific Ocean Zone A,35.2322,138.5229
GGCTAGCTAGCTAGCTAGCTAGCTAGCTAGCTAGCTAGCT,Pacific Ocean Zone A,35.169,138.8055
GGCTAGCTAGCTAGCTAGCTAGCTAGCTAGCTAGCTAGCT,Pacific Ocean Zone A,35.2154,138.0361
GTTTAAAACCCCGGGGATCGATCGTAGCTAGCTAGCTAGC,Pacific Ocean Zone A,35.5423,138.8919
TTTTAAAACCCCGGGGATCGATCGTAGCTAGCTAGCTAGC,Pacific Ocean Zone A,35.8601,138.1382
TTTTAAAACCCCGGGGATCGATCGTAGCTAGCTAGCTAGC,Pacific Ocean Zone A,35.3392,139.2944
ATCGGCTACGATCGATCGACCGTAGCTAGCTAGCTAGCTG,Pacific Ocean Zone A,35.9713,138.0221
TTTTAAAACCCTGGGGATCGATCGTAGCTAGCTAGCTAGC,Pacific Ocean Zone A,35.1575,138.1551
ATCGACTACGATCGATCGATCGTAGCTAGCTAGCTAGCTG,Pacific Ocean Zone A,34.5444,139.8597
CTTGGGACACCCTTGACCTCGACACCTTAGCCGCATCCTC,Uncharted Zone X,-0.1316,158.1573
TTTTAAAACCCCGGGGATCGATCGTAGCTAGCTAGCTAGC,Pacific Ocean Zone A,35.6281,138.1825
GGCTACCTAGCTAGCTAGCTAGCTAGCTAGCTAGCTAGCT,Pacific Ocean Zone A,34.3431,138.3049
ATCGGCTACGATCGATCGATCGTAGCTAGCTAGCTAGCTG,Pacific Ocean Zone A,34.4549,138.8038
ATCGGCTACGATCGATCGATCGTAGCTAGCTAGCTAGCTG,Pacific Ocean Zone A,35.4019,139.5594
GGCTAGCTAGCTAGCTAGCTAGCTAGCTAGCTAGCTAGCT,Pacific Ocean Zone A,35.9671,139.1443
ATCGGCTACGATCGATCGATCGTAGCTAGCTAGCTAGCTG,Pacific Ocean Zone A,34.3908,139.5671
CAATTATTTTCTGGCCATAGCGTTTGCCCGTTAGTAGGGA,Uncharted Zone X,1.506,161.4895
TTTTAAAACCCCGGGGATCGATCGTAGCTAGCTAGCTAGC,Pacific Ocean Zone A,34.4302,139.0541
TTTTAAAACCCCGGGGATCGACCGTAGCTAGCTAGCTAGC,Pacific Ocean Zone A,34.0657,139.7579
GGCTAGCTAGCTAGCTAGCTAGCTAGCTAGCTAGCTAGCT,Pacific Ocean Zone A,34.4922,138.1432
ATCGGCTACGATCGATCGATCGTAGCTAGCTAGCTAGCTG,Pacific Ocean Zone A,35.4085,138.6556
ATCGGCTACGTTCGATCGATCGTAGCTAGCTAGCTAGCTG,Pacific Ocean Zone A,34.3846,138.8807
TTTTAAAACCCCGGGGATCGATCGTAGCTAGCTAGCTAGC,Pacific Ocean Zone A,35.7795,138.5461
ATCGGCTACGATCGATCGATCGAAGCTAGCTAGCTAGCTG,Pacific Ocean Zone A,34.8279,139.0566
ATCGGCTACGATCGATCGATCGTAGCTAGCTAGCTAGCTG,Pacific Ocean Zone A,35.3476,139.2735
ATAGGCTACGATCGATCGATCGTAGCTAGCTAGCTAGCTG,Pacific Ocean Zone A,35.4241,139.0046
TTTTAAAACCCCGGGGATCGATCGTAGCTAGCTAGCAAGC,Pacific Ocean Zone A,34.6967,138.1779
ATCGGCTACGATCGATCGATCGTAGCTAGCTAGCTAGCTG,Pacific Ocean Zone A,35.8474,139.3759
TTTTAAAACCCCGGGGATCGATCGTAGCTAGCTAGCTAGC,Pacific Ocean Zone A,35.1202,138.753
GGCTAGCTAGCTAGCTAGCTAGCTAGCTAGCTAGCTAGCT,Pacific Ocean Zone A,35.7979,138.0696
GGCTAGCTAGCTATCTAGCTAGCTAGCTAGCTAGCTAGCT,Pacific Ocean Zone A,35.0357,139.1261
GGCTAGCTAGCTAGCTAGATAGCTAGCTAGCTAGCTAGCT,Pacific Ocean Zone A,35.6334,138.4126
ACCCTTACCCGACAGGCGTTTTTTTGAGCGCACGTCGCGA,Uncharted Zone X,0.0155,160.3507
ATCGGCTACGATCGATCGATCGTAGCTAGCTAGCTAGCTG,Pacific Ocean Zone A,35.4243,139.9125
TCTTGACTATTATGCCACTACGGCAATCTTATACAATATT,Uncharted Zone X,0.5579,158.595
ATCGGCTACGATCGATCGTTCGTAGCTAGCTAGCTAGCTG,Pacific Ocean Zone A,35.9228,139.8274
ATCGGCTACGATCGATCGATCGTAGCTAGCTAGCTAGCTG,Pacific Ocean Zone A,34.2644,139.2582
TTTTAAAACCCCGGGGATCGATCGTAGCTAGCTAGCTAGC,Pacific Ocean Zone A,35.9423,138.6654
TTTTAAAACCCCGGGGATCGATCGTAGCTAGCTAGCTAGC,Pacific Ocean Zone A,34.6031,138.5683
GGCTAGCTAGCTAGCGAGCTAGCTAGCTAGCTAGCTAGCT,Pacific Ocean Zone A,34.1194,138.8726
ATCGGCTACGATCGATCGATCGTAGCTAGCTAGGTAGCTG,Pacific Ocean Zone A,35.3437,139.7767
ATCGGCTTCGATCGATCGATCGTAGCTAGCTAGCTAGCTG,Pacific Ocean Zone A,34.9803,138.3612
CTATGAAGCAGTAACAACTCTTTAAATTACGGCATCGAGT,Uncharted Zone X,0.6217,161.8008
ATCGGCTACGATCGATCGATCGTAGCTAGCTAGCTAGCTG,Pacific Ocean Zone A,34.8544,138.4093
TTTTAAAACCCCGGGAATCGATCGTAGCTAGCTAGCTAGC,Pacific Ocean Zone A,34.5804,138.4714
TTATAAAACCCCGGGGATCGATCGTAGCTAGCTAGCTAGC,Pacific Ocean Zone A,35.3232,138.1009
TTTTAAAACCCCGGGGATCGATCGTAGCTAGCTAGCTAGC,Pacific Ocean Zone A,34.3162,138.3389
ATCGGCTACGATCGATCGATCGTAGCTAGCTAGCTAGCTG,Pacific Ocean Zone A,35.737,139.469
TTCAAAGCGTGCGAGCTTACCTATACGCGATCCTTAAGGA,Uncharted Zone X,1.8659,160.0635
GGCTAGCTAGCTAGCTAGCTAGCTAGCTAGCTAGCTAGCT,Pacific Ocean Zone A,34.6204,139.0862
ATCGGCTACGATCGATCGATCGTAGCTAGCTAGCTAGCTG,Pacific Ocean Zone A,34.363,139.2541
ATGACACCATTGGTATAAGACAAAGTGGTGTCGCAGCAAG,Uncharted Zone X,0.7571,159.9459
TTTTAAAACCCCGGGGATCGAGCGTAGCTAGCTAGCTAGC,Pacific Ocean Zone A,34.6105,138.5045
GGCTAGCTAGCTAGCTAGCTAGCTAGCTAGCTAGCTAGCT,Pacific Ocean Zone A,35.5859,138.0579
ATCGGCTACGATCGATCGATCGTAGCTAGCTAGCTAGCTG,Pacific Ocean Zone A,35.523,139.0538
ATCGGCTACGATCGATCGATCGTAGCTAGCTAGCTAGCTG,Pacific Ocean Zone A,35.7121,139.5703
GGCTAGCTAGCTAGCTAGCTAGTTAGCTAGCTAGCTAGCT,Pacific Ocean Zone A,34.5285,138.613
GGCGAGCTAGCTAGCTAGCTAGCTAGCTAGCTAGCTAGCT,Pacific Ocean Zone A,35.2506,138.5894
ATCGGCTACGATCGATCGATCGTAGCTAGCTAGCTAGCTG,Pacific Ocean Zone A,35.8666,138.2534
GGCTAGCTAGCTAGCTAGCTAGCTAGCTAGCTAGCTAGCT,Pacific Ocean Zone A,34.1681,139.0509
GGCTAGCTAGCTAGCTAGCTAGCTAGCTAGCTAGCTAGCT,Pacific Ocean Zone A,34.3668,138.5091
TTTTAAAACCCCGGGGATCGATCGTAGCTAGCTAGCTAGC,Pacific Ocean Zone A,35.5327,138.3008
GTACACATGACAGAAAGTAACTGCACGTGCAGATCCACGC,Uncharted Zone X,-1.1693,158.9439
ATCGGCTACGATCGATCGATCGTAGCTAGCTAGCTAGCTG,Pacific Ocean Zone A,34.6028,139.4633
GGCTAGCTAGCTAGCTAGCTAGCTAGCTAGCTAGCTATCT,Pacific Ocean Zone A,35.4138,139.9824
ATCGGCTACGATCGATCGATCGTAGCTAGCTAGCTAGCTG,Pacific Ocean Zone A,34.6617,139.5804
TTTTAAAACCCCGGGGATCGATCGTAGCTAGCTAGCTAGC,Pacific Ocean Zone A,34.7653,138.1082
ATCGGCTACGATCGATCGATCGTAGCTAGCTAGCTAGCTG,Pacific Ocean Zone A,35.8405,139.4807
ATGAACATTGAATTCCATTCACCCGGTATCAGTACGACTG,Uncharted Zone X,0.9065,160.1218
TTTTAAAACCCCGGGGATCGATGGTAGCTAGCTAGCTAGC,Pacific Ocean Zone A,35.1883,139.4617
CGCTAGCTAGCTAGCTAGCTAGCTAGCTAGCTAGCTAGCT,Pacific Ocean Zone A,35.9386,138.5848
AGCTAGCTAGCTAGCTAGCTAGCTAGCTAGCTAGCTAGCT,Pacific Ocean Zone A,34.1237,139.1518
GGCTAGCTAGCTAGCTAGCTAGCTAGCTAGCTAGCTAGCT,Pacific Ocean Zone A,34.7082,138.6605
ATCGGCTACGATCGATCGATCGTAGATAGCTAGCTAGCTG,Pacific Ocean Zone A,34.8428,138.5892
ATCGGCTACGATCGATCGATCGTAGCTAGCTAGCTAGCTG,Pacific Ocean Zone A,35.2729,139.3833
ATCGGCTACGATCGATCGATCGTAGCTAGCTAGCTAGCTG,Pacific Ocean Zone A,34.9981,139.7848
GTGGGCTCGCTAATCAAGCTAGCGAAATGATTATCGCAGG,Uncharted Zone X,-0.3231,161.0245
ATCGGCTACGATCGATCGATCGTAGCTAGCTAGCTAGCTG,Pacific Ocean Zone A,34.8698,139.8029
ATCGGCTACGATCGATCGATCGTAGCTAGCTAGCTAGCTG,Pacific Ocean Zone A,34.4634,138.5768
TTTTAAAACCCCGGGGATCGATCGTAGCTAGCTAGCTAGC,Pacific Ocean Zone A,35.144,139.8897
ATCGGCTACGATCGATCGATCGTAGCTAGCTTGCTAGCTG,Pacific Ocean Zone A,34.94,139.6475
GGCTAGCTAGCTAGCTAGCTAGCTAGCTAGCTAGCTAGCT,Pacific Ocean Zone A,34.1242,138.3444
TTTTAAAACCCCGGGGATCGATCGTAGCTAGCTAGCTAGC,Pacific Ocean Zone A,34.1994,139.8813
GGCTAGCTAGCTAGCTAGCTAGCTAGCTAGCTAGCTAGCT,Pacific Ocean Zone A,35.7205,138.6663
ATCGGCTACGATCGATCGCTCGTAGCTAGCTAGCTAGCTG,Pacific Ocean Zone A,35.2638,138.927
ATCGGCTACGATCGATCGATCGTAGCTAGCTAGCTAGCTG,Pacific Ocean Zone A,35.4242,138.1363
TTTTAAAACCCCGGGGATCGATCGTAGCTAGCTAGCAAGC,Pacific Ocean Zone A,34.5578,138.2821
GGCTAGCTAGCTAGCTAGCTAGCTAGCTAGCTAGCTAGCT,Pacific Ocean Zone A,35.457,139.6656
GGCTAGCTAGCTAGCTAGCTAGCTAGCTAGCTAGCTAGCT,Pacific Ocean Zone A,34.1094,139.8029
GGCTAGCTAGCTAGCTAGCTAGCTAGCTAGCTAGCTAGCT,Pacific Ocean Zone A,35.2652,138.1008
ATCGGCTACGATCGATCGATCGTAGCTAGCTAGCTAGCTG,Pacific Ocean Zone A,34.7491,138.9456
ATCGGCTACGATCGATCGATCGTAGCTAGCTAGCTAGCTG,Pacific Ocean Zone A,34.1594,138.9783
TTTTAAAACCCCGGGGATCGATCGTAGCTAGCTAGCTAGC,Pacific Ocean Zone A,34.7502,139.446
ATCGGCTACGATCGATCGATCGTAGCTAGCTAGCTAGCTG,Pacific Ocean Zone A,35.2814,139.2089
GGCTAGCTAGCTAGCTAGCTAGCTAGCTAGCTAGCTAGCT,Pacific Ocean Zone A,34.5864,138.2086
TTTTAAAACCCCGGGGATCGATCGTAGCTAGCTAGCTAGC,Pacific Ocean Zone A,35.5897,138.8035
GGCTAGCTAGCTAGCTAGCTAGCTAGCTAGCTAGCTAGCT,Pacific Ocean Zone A,35.7931,138.3918
TTTTAAAACCCCGGGGATCGATCGTAGCTAGCTAGCTGGC,Pacific Ocean Zone A,35.047,139.96
ATCGGCTACGATCGATCGATCGTAGCTAGCTAGCTAGCTG,Pacific Ocean Zone A,35.7242,138.4301
TTTTAAAACCCCGGGGATCGATCGTAGCTAGCTAGCTAGC,Pacific Ocean Zone A,35.271,139.5587
TTTTAAAACCCCGGGGATCGATCGTAGCTAGCTAGCTAGC,Pacific Ocean Zone A,35.3019,138.4125
TTTTAAAACCCCGGGGATCGATCGTAGCTAGCTAGCTAGC,Pacific Ocean Zone A,35.2954,139.2151
GGCTAGCTAGCTAGCTAGCTAGCTAGCTAGCTAGCTAGCT,Pacific Ocean Zone A,34.3312,139.5775
GGCTAGCTAGCTAGCTAGCTAGCTAGCTAGCTAGCTAGCT,Pacific Ocean Zone A,35.9058,139.5312
ATCGGCTACGATCGATCGATCGTTGCTAGCTAGCTAGCTG,Pacific Ocean Zone A,35.276,139.7592
ATCGGCTACGATCGATCGATCGTAGCTAGCTAGCTAGCTT,Pacific Ocean Zone A,34.5014,139.5994
AGCAAAGGAAGTCATCCCCACGGGAGGTACGCCATCGCAG,Uncharted Zone X,-0.2861,160.3553
TTTTAAAACCCCGGGGATCGATCGTAGCTAGCTAGCTAGC,Pacific Ocean Zone A,35.5343,138.6476
ATCGGCTACGAGCGATCGATCGTAGCTAGCTAGCTAGCTG,Pacific Ocean Zone A,34.0599,139.5715
GGCTAGCTAGCTAGCTAGCTAGCTAGCTAGCTAGCTAGCT,Pacific Ocean Zone A,34.555,138.131
GGCTAGCTAGCTAGCTAGCTAGCTAGCTAGCTAGCTAGCT,Pacific Ocean Zone A,35.4542,139.7405
GGCTAGCTAGCTAGCTAGTTAGCTAGCTAGCTAGCTAGCT,Pacific Ocean Zone A,34.4665,139.9305
GGCTAGCTAGCTAGCTAGCTAGCTAGGTAGCTAGCTAGCT,Pacific Ocean Zone A,34.7511,139.3529
TTTTTAAACCCCGGGGATCGATCGTAGCTAGCTAGCTAGC,Pacific Ocean Zone A,35.6372,139.5088
ATCGGCTACGATCGATCGATCGTAGCTAGCTAGCTAGCTG,Pacific Ocean Zone A,34.2197,139.2685
GGCTAGCTAGCTAGCTAGCTAGCTAGCTAGCTAGCTTGCT,Pacific Ocean Zone A,34.4535,139.8933
GGCTAGCTAGCTAGCTAGCTAGCTAGCTAGCTAGCTAGCT,Pacific Ocean Zone A,35.6236,138.9996
TTTTAAAACCCCGGGGATCGATCGTAGCTAGCTAGCTCGC,Pacific Ocean Zone A,35.8418,138.4136
ATCGGCTACGATCGATCGATCGTAGCTAGCTAGCTAGCTG,Pacific Ocean Zone A,35.0607,138.844
ATCGGCTACGATCGATCGATCGTAGCTAGCTAGCTAGATG,Pacific Ocean Zone A,34.6775,139.9156
ATCGGCTACGATCGATCGATCGTAGCTAGCTAGCTAGCTG,Pacific Ocean Zone A,35.6957,138.2192
GGCTAGCTAGCTAGCTAGCTAGCTAGCTAGCTAGCTAGCT,Pacific Ocean Zone A,35.6347,138.3977
ATCGGCTACGATCGATCAATCGTAGCTAGCTAGCTAGCTG,Pacific Ocean Zone A,34.7539,138.1804
TTTTAAAACCCCGGGGATCGATCGTAGCTAGCTAACTAGC,Pacific Ocean Zone A,35.0851,139.4314
ATCGGCTACGATCGATCGATCGTAGCTAGCTAGCTAGCTG,Pacific Ocean Zone A,34.5832,139.8083
GGCTAGCTAGCTAGCTAGGTAGCTAGCTAGCTAGCTAGCT,Pacific Ocean Zone A,34.7428,139.2248
TTTTAAAACCCCGGGGATCGATCGTAGCTAGCTAGCTAGC,Pacific Ocean Zone A,35.8734,138.5061
ATCGGCTACGATCGATCGATTGTAGCTAGCTAGCTAGCTG,Pacific Ocean Zone A,35.3088,138.5443
ATCGGCTACGATCGATCGATCGTAGCTAGCTAGCTAGCTG,Pacific Ocean Zone A,34.4176,139.5771
GGCTAGCTAGCTAGATAGCTAGCTAGCTAGCTAGCTAGCT,Pacific Ocean Zone A,34.9419,138.8645
GGCTAGCTAGCTAGCTAGCTAGCTAGCTAGCTAGCTAGCT,Pacific Ocean Zone A,35.1215,138.8867
GGCTAGCTAGCTAGCTAGCTAGCTAGCTAGCTAGCTAGCC,Pacific Ocean Zone A,34.2285,139.4106
TTATCACTATGGAAACTTGCTGACATATGCGTGGCTGCAA,Uncharted Zone X,0.7316,158.5442
ATCGGCTACGATCGATCGATCGTAGCTAGCTAACTAGCTG,Pacific Ocean Zone A,34.3578,139.0374
GGCTAGCTAGCTAGCTAGGTAGCTAGCTAGCTAGCTAGCT,Pacific Ocean Zone A,35.4871,139.9376
TATTAAAACCCCGGGGATCGATCGTAGCTAGCTAGCTAGC,Pacific Ocean Zone A,35.5549,139.2098
TTTTAAATCCCCGGGGATCGATCGTAGCTAGCTAGCTAGC,Pacific Ocean Zone A,34.5587,138.5899
ATCGGCTACGATCCATCGATCGTAGCTAGCTAGCTAGCTG,Pacific Ocean Zone A,35.8644,138.7865
GCTGTCCTTGTAGCGCTTACGCCCAATGACTAAAGGCGCG,Uncharted Zone X,-1.885,158.3992
ATCGGCTACGATCGATCGATCGTAGCTAGCTAGCAAGCTG,Pacific Ocean Zone A,35.2367,138.6051
ATCGGCTACGATCGATCGATCGGAGCTAGCTAGCTAGCTG,Pacific Ocean Zone A,34.2363,138.5617
ATCGGCTACGATCGATCGATCGTAGCTAGCTAGCTAGCTG,Pacific Ocean Zone A,35.9725,139.05
GGCTAGCTAGCTAGCTAGCTAGCTAGCTAGATAGCTAGCT,Pacific Ocean Zone A,34.7948,139.834
TTTTAAAACCCCGGGGATCGATCGTAGCTAGCTAGCTAGC,Pacific Ocean Zone A,34.5386,139.0748
ATCGGCTACGGTCGATCGATCGTAGCTAGCTAGCTAGCTG,Pacific Ocean Zone A,34.7712,139.8761
TTTTAAAACCCCGGGGATCGATCGTAGCTAGCTAGCTAGC,Pacific Ocean Zone A,34.1658,139.1656
GGCTAGCTAGCTAGCTAGCTAGCTAGCTAGCTAGCTAGCT,Pacific Ocean Zone A,35.9128,138.7526
ATCGGCTACGATCGATCGATCGTAGCTAGCTAGCTAGCTG,Pacific Ocean Zone A,34.9188,138.557
GAAAGTCCTAGGGAAATGAATAGGCAACTCATCCCGTAGC,Uncharted Zone X,1.0561,160.9425
ATCGGCTACGATCGATCGATCGTAGCTAGCTAGCTAGCTG,Pacific Ocean Zone A,34.7015,139.9952
GGCTAGCTAGCTAGCTAGCTAGCTAGCTAGCTAGCTAGCT,Pacific Ocean Zone A,35.5995,139.3971
ATCGGCTACGATCGATCGATCGTGGCTAGCTAGCTAGCTG,Pacific Ocean Zone A,35.9713,139.8471
GGCTAGCTAGCTAGGTAGCTAGCTAGCTAGCTAGCTAGCT,Pacific Ocean Zone A,34.3111,138.8622
CAGTTGTACACACACCGATGACCGCGCGGTCCGGTCGTCT,Uncharted Zone X,-1.7008,160.1952
ATCGGCTACGATCGATCGATCGTAGCAAGCTAGCTAGCTG,Pacific Ocean Zone A,34.2857,138.7895
GGCTAGCTAGCTAGCTAGCTAGCTAGCTAGCTAGCTAGCT,Pacific Ocean Zone A,35.742,139.4519
ATCGGCTACGATCGATCGATCGTAGCTAGCTAGCTAGCTG,Pacific Ocean Zone A,34.7015,139.7716
